Suite/Test/Step Name,Browser,Description,Tag,Start time,End time,Duration,Status
TestSuiteFMSEndpoint,,,,2020-05-14 01:32:23,2020-05-14 01:32:49,26.496s,FAILED
,,,,,,,
Test Cases/EndPointFMS,,,,2020-05-14 01:32:23,2020-05-14 01:32:47,23.624s,FAILED
try,,,,2020-05-14 01:32:24,2020-05-14 01:32:47,23.134s,FAILED
catch (Exception ex),,,,2020-05-14 01:32:47,2020-05-14 01:32:47,0.002s,PASSED
,,,,,,,
Test Cases/EndPointFMS,,,,2020-05-14 01:32:47,2020-05-14 01:32:48,0.867s,FAILED
try,,,,2020-05-14 01:32:47,2020-05-14 01:32:48,0.841s,FAILED
,,,,,,,
Test Cases/EndPointFMS,,,,2020-05-14 01:32:48,2020-05-14 01:32:49,0.797s,PASSED
try,,,,2020-05-14 01:32:48,2020-05-14 01:32:49,0.773s,PASSED
,,,,,,,
Test Cases/EndPointFMS,,,,2020-05-14 01:32:49,2020-05-14 01:32:49,0.659s,FAILED
try,,,,2020-05-14 01:32:49,2020-05-14 01:32:49,0.638s,FAILED
